Alexander von Wirth <vonwirth@dbis.rwth-aachen.de>
Andre Burghof <andre.burghof@alumni.fh-aachen.de>
Bahram Maleki-Fard <maleki-fard@kbsg.rwth-aachen.de>
Bastian Klingen <bastian.klingen@rwth-aachen.de>
Bjoern Schaepers <bjoern.schaepers@rwth-aachen.de>
Christof Rath <c.rath@student.tugraz.at>
Christoph Henke <christoph.henke@rwth-aachen.de>
Christoph Schwering <schwering@kbsg.rwth-aachen.de>
Daniel Beck <beck@kbsg.rwth-aachen.de>
Daniel Ewert <daniel.ewert@ima-zlw-ifu.rwth-aachen.de>
Florian Nolden <florian-denis.nolden@alumni.fh-aachen.de>
Frederik Zwilling <zwilling@kbsg.rwth-aachen.de>
Gareth Priede <garethpriede@gmail.com>
Gesche Gierse <gierse@kbsg.rwth-aachen.de>
Johannes Rothe <johannes.rothe@rwth-aachen.de>
Jonathan Hoeges <jonthan.hoeges@rwth-aachen.de>
Kyle Strabala <strabala@cmu.edu>
Martin Liebenberg <liebenberg@kbsg.rwth-aachen.de>
Masrur Doostdar <doostdar@kbsg.rwth-aachen.de>
Matthias Loebach <matthias.loebach@ima-zlw-ifu.rwth-aachen.de>
Nichola Abdo <abdon@informatik.uni-freiburg.de>
Nicolas Limpert <nicolas.limpert@alumni.fh-aachen.de>
Paul Dingil <paul.dingil@rwth-aachen.de>
Randolph Maassen <randolph.maassen@alumni.fh-aachen.de>
Safoura Rezapour Lakani <safoura.lakani@rwth-aachen.de>
Sebastian Reuter <sebastian.reuter@ima-zlw-ifu.rwth-aachen.de>
Sebastian Schoenitz <sebastian.schoenitz@ima-zlw-ifu.rwth-aachen.de>
Stefan Schiffer <schiffer@kbsg.rwth-aachen.de>
Till Hofmann <hofmann@kbsg.rwth-aachen.de>
Tim Niemueller <niemueller@kbsg.rwth-aachen.de>
Tobias Kellner <t.kellner@student.tugraz.at>
Tobias Neumann <t.neumann@fh-aachen.de>
Vaishak Belle <belle@kbsg.rwth-aachen.de>
Victor Mataré <matare@lih.rwth-aachen.de>
Volker Krause <volker.krause@rwth-aachen.de>
